UHD, (maintaining facial features:1.3) Transform me into a watercolor portrait, pastel colors, on textured paper, with artistic splashes around it, in an artist’s studio.
UHD, (maintaining facial features:1.3) Turn me into a translucent ice sculpture, lit by blue and purple LEDs, placed on a crystal base, at a winter festival.
UHD, (maintaining facial features:1.3) Turn me into a Japanese ukiyo-e style illustration, floral kimono, wave background inspired by Hokusai, in Edo-period Japan.
UHD, (maintaining facial features:1.3) Transform me into a portrait in a mosaic of colorful ceramic tiles, Gaudí style, in Park Güell, Barcelona.
UHD, (maintaining facial features:1.3) Transform me into a black and white woodcut, old illustration book style, in an antique library.
UHD, (maintaining facial features:1.3) Transform me into a neon graffiti mural, urban night background, in a city alleyway.
UHD, (maintaining facial features:1.3) Transform me into a colorful stained glass portrait, light shining through the glass, in a gothic cathedral.
UHD, (maintaining facial features:1.3) Transform me into a sand sculpture on a beach at sunset, on Copacabana Beach.
UHD, (maintaining facial features:1.3) Transform me into an 8-bit pixel art portrait, rainbow gradient background, in an arcade room.
UHD, (maintaining facial features:1.3) Transform me into a Franco-Belgian comic book style illustration with humorous speech bubbles, at a comic convention.
UHD, (maintaining facial features:1.3) Transform me into shiny medieval armor, holding a sword, in a throne room, inside a medieval castle.
UHD, (maintaining facial features:1.3) Transform me into an Egyptian pharaoh's outfit, golden throne, hieroglyphics in the background, in the Great Pyramid of Giza.
UHD, (maintaining facial features:1.3) Transform me into a samurai from feudal Japan, katana drawn, cherry blossoms in bloom, in Kyoto.
UHD, (maintaining facial features:1.3) Transform me into a Victorian explorer, notebook and compass in hand, lush jungle, in the Amazon rainforest.
UHD, (maintaining facial features:1.3) Transform me into a Roman gladiator in the arena, cheering crowd, in the Colosseum.
UHD, (maintaining facial features:1.3) Transform me into a Renaissance queen, high-necked dress and opulent jewelry, in a royal palace.
UHD, (maintaining facial features:1.3) Transform me into a Caribbean pirate, sword and parrot on my shoulder, on a pirate ship.
UHD, (maintaining facial features:1.3) Transform me into a 1960s astronaut, wearing a white NASA suit, with a lunar module behind me, on the Moon.
UHD, (maintaining facial features:1.3) Transform me into a Wild West cowboy, with a horse and a glowing desert, in Monument Valley.
UHD, (maintaining facial features:1.3) Transform me into a masked Venetian nobleman, costume ball, in Venice.
UHD, (maintaining facial features:1.3) Transform me into a Brazilian samba dancer, colorful feathers, Rio carnival, in the Sambadrome Marquês de Sapucaí.
UHD, (maintaining facial features:1.3) Transform me into a Tibetan monk, praying atop the Himalayas, in Lhasa.
UHD, (maintaining facial features:1.3) Transform me into a Native American chief, feather headdress, plains at sunset, in the Great Plains.
UHD, (maintaining facial features:1.3) Transform me into a flamenco musician, Spanish guitar, red ruffled dress, in Seville.
UHD, (maintaining facial features:1.3) Transform me into a Vietnamese fisherman on a boat, floating lanterns, in Hoi An.
UHD, (maintaining facial features:1.3) Transform me into a Maori warrior, traditional tattoos, haka, in New Zealand.
UHD, (maintaining facial features:1.3) Transform me into a Moroccan artisan, colorful pottery workshop, in Marrakech.
UHD, (maintaining facial features:1.3) Transform me into a Balinese dancer, mask and traditional costume, in Ubud Palace.
UHD, (maintaining facial features:1.3) Transform me into an Indian cricket player, crowded stadium, in Mumbai.
UHD, (maintaining facial features:1.3) Transform me into a French chef, chef's hat and refined dishes, in a Parisian restaurant.
UHD, (maintaining facial features:1.3) Transform me into a cyborg, visible glowing circuits, in a futuristic laboratory.
UHD, (maintaining facial features:1.3) Transform me into a spaceship pilot, futuristic cockpit, in orbit above Earth.
UHD, (maintaining facial features:1.3) Transform me into an explorer on an alien planet, violet sky and two moons, on the planet’s surface.
UHD, (maintaining facial features:1.3) Transform me into a blue translucent hologram, 3D projections around, in a high-tech control room.
UHD, (maintaining facial features:1.3) Transform me into a scientist, orbital laboratory, aboard a space station.
UHD, (maintaining facial features:1.3) Transform me into an elite soldier in exoskeleton armor, in a war-torn futuristic city.
UHD, (maintaining facial features:1.3) Transform me into a futuristic hacker, floating screens around, in a neon-lit cybercafé.
UHD, (maintaining facial features:1.3) Transform me into a resident of a flying city, suspended skyscrapers, in the clouds.
UHD, (maintaining facial features:1.3) Transform me into an astronaut on Mars, flag planted in red soil, in the Martian desert.
UHD, (maintaining facial features:1.3) Transform me into an intergalactic merchant, stall of strange objects, in a space bazaar.
UHD, (maintaining facial features:1.3) Transform me into a forest guardian, cloak of leaves and deer antlers, in an enchanted forest.
UHD, (maintaining facial features:1.3) Transform me into a diver, surrounded by dolphins, in a coral reef.
UHD, (maintaining facial features:1.3) Transform me into a beekeeper, hives and bees around, in a sunflower field.
UHD, (maintaining facial features:1.3) Transform me into a falconer, bird of prey on arm, in a medieval courtyard.
UHD, (maintaining facial features:1.3) Transform me into a polar explorer, sled dogs, in Antarctica.
UHD, (maintaining facial features:1.3) Transform me into a surfer, giant wave behind, in Hawaii.
UHD, (maintaining facial features:1.3) Transform me into a botanist, tropical greenhouse full of orchids, in Kew Gardens.
UHD, (maintaining facial features:1.3) Transform me into a horse rider, in a flowered meadow, in Provence.
UHD, (maintaining facial features:1.3) Transform me into a climber, at the top of a cliff, in Yosemite National Park.
UHD, (maintaining facial features:1.3) Transform me into a lighthouse keeper, storm in the background, on the coast of Brittany.
UHD, (maintaining facial features:1.3) Transform me into a mage casting a spell, glowing runes, in a mystical tower.
UHD, (maintaining facial features:1.3) Transform me into a wood elf, pointed ears and bow, in an ancient forest.
UHD, (maintaining facial features:1.3) Transform me into an elegant vampire, gothic castle, in Transylvania.
UHD, (maintaining facial features:1.3) Transform me into a dragon knight, riding a winged creature, in the skies above mountains.
UHD, (maintaining facial features:1.3) Transform me into a mermaid, swimming in a turquoise lagoon, in the Caribbean Sea.
UHD, (maintaining facial features:1.3) Transform me into an angel with golden wings, cloudy sky, in a celestial realm.
UHD, (maintaining facial features:1.3) Transform me into a horned demon, flames around, in the underworld.
UHD, (maintaining facial features:1.3) Transform me into an alchemist, smoking potions, in a stone-walled laboratory.
UHD, (maintaining facial features:1.3) Transform me into a dwarf king, underground mine, in the halls of Erebor.
UHD, (maintaining facial features:1.3) Transform me into a magical library guardian, floating books, in an ancient library.
UHD, (maintaining facial features:1.3) Transform me into a clumsy superhero, cape stuck in a door, in a city street.
UHD, (maintaining facial features:1.3) Transform me into a chef tossing a pizza into orbit, in a space kitchen.
UHD,  (maintaining facial features:1.3) . Turn me into a soccer player on a tiny field, in a miniature stadium.
UHD,  (maintaining facial features:1.3) . Turn me into a DJ in a nightclub for cats, in a neon-lit lounge.
UHD,  (maintaining facial features:1.3) . Turn me into a pizza delivery boy on a dragon, flying over a fantasy city.
UHD,  (maintaining facial features:1.3) . Turn me into a diver in a giant cup of coffee, in a surreal café.
UHD,  (maintaining facial features:1.3) . Turn me into a king sitting on a throne of cushions, in a cozy palace.
UHD,  (maintaining facial features:1.3) . Turn me into a painter painting a self-portrait... of himself painting, in an art studio.
UHD,  (maintaining facial features:1.3) . Turn me into an astronaut lost in a supermarket, in the frozen food aisle.
UHD,  (maintaining facial features:1.3) . Transform me into a knight facing a giant duck, in a medieval village square.
UHD,  (maintaining facial features:1.3) . Transform me into a portrait printed on a vintage postage stamp, in a philatelist’s collection.
UHD,  (maintaining facial features:1.3) . Transform me into a portrait engraved on an Olympic medal, in a sports museum.
UHD,  (maintaining facial features:1.3) . Transform me into a portrait embroidered on a silk cushion, in a royal bedroom.
UHD,  (maintaining facial features:1.3) . Transform me into a portrait carved into a Halloween pumpkin, on a porch at night.
UHD,  (maintaining facial features:1.3) . Transform me into a portrait painted on a building wall in trompe-l'oeil style, in a busy city square.
UHD,  (maintaining facial features:1.3) . Transform me into a portrait printed on a skateboard deck, in a skatepark.
UHD,  (maintaining facial features:1.3) . Transform me into a portrait engraved on a silver ring, in a jeweler’s shop.
UHD,  (maintaining facial features:1.3) . Transform me into a portrait drawn on a fictional banknote, in a collector’s album.
UHD,  (maintaining facial features:1.3) . Transform me into a portrait sculpted in a block of chocolate, in a pastry shop.
UHD,  (maintaining facial features:1.3) . Transform me into a portrait painted on a boat sail, in the middle of the ocean.
UHD,  (maintaining facial features:1.3) . Transform me into a silent movie star, grainy black and white, on a vintage film set.
UHD,  (maintaining facial features:1.3) . Transform me into an action movie hero, explosion behind, on a city street.
UHD,  (maintaining facial features:1.3) . Transform me into a musical theater actor, synchronized dance, on a Broadway stage.
UHD,  (maintaining facial features:1.3) . Transform me into a spaghetti western character, in a dusty frontier town.
UHD,  (maintaining facial features:1.3) . Transform me into an Indiana Jones-style explorer, in an ancient temple.
UHD,  (maintaining facial features:1.3) . Transform me into a secret agent, complete with tuxedo and high-tech gadgets, in a luxury casino.
UHD,  (maintaining facial features:1.3) . Transform me into a space pirate ship captain, in a galactic battle.
UHD,  (maintaining facial features:1.3) . Transform me into a cyberpunk samurai, in a neon-lit alley.
UHD,  (maintaining facial features:1.3) . Transform me into a Bollywood movie star, on a colorful film set.
UHD,  (maintaining facial features:1.3) . Transform me into an Olympic swimming champion, medal around my neck, in an aquatic stadium.
UHD,  (maintaining facial features:1.3) . Transform me into a free climber on a vertiginous cliff, in Yosemite National Park.
UHD, (maintaining facial features:1.3) . Transform me into a basketball player performing a slow-motion dunk, in a packed arena.
UHD, (maintaining facial features:1.3) . Transform me into a Tour de France cyclist, mountain pass, in the French Alps.
UHD,  (maintaining facial features:1.3) . Transform me into a fencer, intense duel, in a competition hall.
UHD,  (maintaining facial features:1.3) . Transform me into a freestyle skier, spectacular jump, in the Swiss Alps.
UHD,  (maintaining facial features:1.3) . Transform me into a boxer in a brightly lit ring, in Madison Square Garden.
UHD,  (maintaining facial features:1.3) . Transform me into a sand surfer in the desert, in the Sahara.
UHD,  (maintaining facial features:1.3) . Transform me into a rugby player in the rain, in a stadium in New Zealand.
UHD,  (maintaining facial features:1.3) . Transform me into a marathon runner crossing the finish line, in the streets of New York City.
UHD, (maintaining facial features:1.3) . Transform me into a medieval blacksmith forging a sword, in a bustling village workshop.
UHD, (maintaining facial features:1.3) . Transform me into a deep-sea explorer in an antique diving suit, on the ocean floor.
UHD, (maintaining facial features:1.3) . Transform me into a jazz musician playing saxophone, in a smoky New Orleans club.
UHD, (maintaining facial features:1.3) . Transform me into a futuristic park ranger, in a neon-lit bio-dome forest.
UHD, (maintaining facial features:1.3) . Transform me into a Victorian-era detective, in a foggy London street.
UHD, (maintaining facial features:1.3) . Transform me into a steampunk airship captain, above a floating city.
UHD, (maintaining facial features:1.3) . Transform me into a Renaissance painter at work, in an Italian art studio.
UHD, (maintaining facial features:1.3) . Transform me into a polar scientist studying ice cores, in Antarctica.
UHD, (maintaining facial features:1.3) . Transform me into a carnival ringmaster, in a grand circus tent.
UHD, (maintaining facial features:1.3) . Transform me into a mountain rescue climber, on a snowy peak.
UHD, (maintaining facial features:1.3) . Transform me into a cybernetic librarian, in a holographic archive.
UHD, (maintaining facial features:1.3) . Transform me into a Formula 1 driver, on a racetrack in Monaco.
UHD, (maintaining facial features:1.3) . Transform me into a samurai chef slicing sushi, in a Tokyo restaurant.
UHD, (maintaining facial features:1.3) . Transform me into a royal guard in ceremonial uniform, outside Buckingham Palace.
UHD, (maintaining facial features:1.3) . Transform me into a treasure hunter, in a jungle temple.
UHD, (maintaining facial features:1.3) . Transform me into a beekeeper in a protective suit, in a blooming orchard.
UHD, (maintaining facial features:1.3) . Transform me into a gondolier rowing a boat, in the canals of Venice.
UHD, (maintaining facial features:1.3) . Transform me into a graffiti artist spraying a mural, on a city rooftop.
UHD, (maintaining facial features:1.3) . Transform me into a firefighter in full gear, in front of a blazing building.
UHD, (maintaining facial features:1.3) . Transform me into a desert nomad, in the Sahara dunes.
UHD, (maintaining facial features:1.3) . Transform me into a lighthouse keeper, on a rocky coastline.
UHD, (maintaining facial features:1.3) . Transform me into a chocolatier crafting truffles, in a Parisian shop.
UHD, (maintaining facial features:1.3) . Transform me into a falconer with a hawk on my arm, in a medieval courtyard.
UHD, (maintaining facial features:1.3) . Transform me into a ballet dancer mid-performance, on a grand theater stage.
UHD, (maintaining facial features:1.3) . Transform me into a Viking warrior, on a longship at sea.
UHD, (maintaining facial features:1.3) . Transform me into a street magician performing tricks, in a busy market square.
UHD, (maintaining facial features:1.3) . Transform me into a coral reef diver photographing fish, in the Great Barrier Reef.
UHD, (maintaining facial features:1.3) . Transform me into a cowboy herding cattle, on a Texas ranch.
UHD, (maintaining facial features:1.3) . Transform me into a pastry chef decorating a cake, in a bakery kitchen.
UHD, (maintaining facial features:1.3) . Transform me into a gondola passenger in a masquerade mask, in Venice at sunset.
UHD, (maintaining facial features:1.3) . Transform me into a martial arts master, in a traditional dojo.
UHD, (maintaining facial features:1.3) . Transform me into a scientist in a hazmat suit, in a high-security lab.
UHD, (maintaining facial features:1.3) . Transform me into a shepherd with a flock of sheep, in the Scottish Highlands.
UHD, (maintaining facial features:1.3) . Transform me into a rock guitarist on stage, at a music festival.
UHD, (maintaining facial features:1.3) . Transform me into a gondola painter restoring a boat, in a Venetian workshop.
UHD, (maintaining facial features:1.3) . Transform me into a sushi master preparing sashimi, in a Kyoto kitchen.
UHD, (maintaining facial features:1.3) . Transform me into a knight in shining armor, in a castle courtyard.
UHD, (maintaining facial features:1.3) . Transform me into a street food vendor, in a Bangkok night market.
UHD, (maintaining facial features:1.3) . Transform me into a mountain biker mid-jump, on an alpine trail.
UHD, (maintaining facial features:1.3) . Transform me into a gondola singer serenading tourists, in Venice.
UHD, (maintaining facial features:1.3) . Transform me into a glassblower shaping molten glass, in a Murano workshop.
UHD, (maintaining facial features:1.3) . Transform me into a parkour athlete leaping rooftops, in Paris.
UHD, (maintaining facial features:1.3) . Transform me into a medieval scribe writing on parchment, in a monastery.
UHD, (maintaining facial features:1.3) . Transform me into a polar bear researcher, in the Arctic tundra.
UHD, (maintaining facial features:1.3) . Transform me into a gondola craftsman carving wood, in Venice.
UHD, (maintaining facial features:1.3) . Transform me into a street drummer performing, in New York City.
UHD, (maintaining facial features:1.3) . Transform me into a hot air balloon pilot, over Cappadocia.
UHD, (maintaining facial features:1.3) . Transform me into a rainforest guide, in the Amazon jungle.
UHD, (maintaining facial features:1.3) . Transform me into a sand sculptor creating a castle, on a tropical beach.



